PM2.5 (µg/m³),PM10 (µg/m³),NO (µg/m³),NO2 (µg/m³),NOx (ppb),NH3 (µg/m³),SO2 (µg/m³),CO (mg/m³),Ozone (µg/m³),Benzene (µg/m³),AQI
37.25,83.81,4.75,19,24.98,3.28,47.59,1.06,4.34,0.21,82
58.41,131.43,25.83,22.74,59.23,3.12,49.28,2.59,4.81,0.52,104
47.94,108.62,12.6,20.78,38.11,3.29,50.21,1.92,4.5,0.38,120
31.19,77.97,14.53,16.86,37.19,2.83,51.35,1.66,4.61,0.33,94
26.32,65.81,7.96,13.52,24.44,2.79,38.33,1.37,4.26,0.27,68
21.83,54.57,4.37,10.77,16.6,2.6,25.49,1.09,4.14,0.22,61
21.57,53.92,2.95,10.75,14.51,2.51,25.96,0.89,4.54,0.18,55
22.72,56.8,7.23,14.52,24.33,2.72,26.51,1.03,5.48,0.2,54
24.37,60.93,4.67,18.8,24.67,3.16,27.16,1.13,6.12,0.23,59
16.88,42.21,1.79,9.26,11.41,2.39,27.51,0.62,5.36,0.12,48
17.77,44.44,2.38,12.19,15.05,2.66,27.53,0.68,5.01,0.14,37
28.94,72.35,1.97,14.81,16.95,2.92,27.46,1.03,4.7,0.21,57
24.98,62.44,2.22,13.81,16.35,2.87,27.63,1,6,0.2,63
26.19,65.48,1.94,14.33,16.44,3.03,28.06,1.13,4.79,0.22,62
29.02,72.56,2.13,11.5,14.03,2.78,28.07,1,6.63,0.2,64
33.25,83.13,2.12,14.22,16.61,3.18,27.93,1.09,4.38,0.22,80
25.71,64.28,2.6,9.9,13.18,2.97,27.15,0.2,4.51,0.04,55
24.72,61.8,2.02,8.69,11.19,2.9,27.05,0.1,4.72,0.02,56
26.98,67.46,1.79,9.28,11.06,2.89,27.01,1.11,5.76,0.22,64
29.28,73.21,2.18,10.53,12.91,3.1,27.29,1.81,4.93,0.36,75
25.69,64.22,3.67,7.43,12.4,2.78,27.48,0.36,5.33,0.07,53
43.12,107.8,13.89,11.92,31.56,3.04,27.39,1.25,4.65,0.25,79
30.63,76.58,3.2,11.25,15.36,3.21,27.69,0.87,4.49,0.17,71
31.5,78.76,3.05,9.62,13.58,3.1,27.76,0.98,4.11,0.2,72
30.8,77,6.81,10.89,20.06,3.09,27.78,1.05,4.68,0.21,73
37.05,92.62,4.43,10.7,16.62,3.26,27.99,1.05,4.32,0.21,76
32.39,80.99,30.21,12.68,56.05,2.83,27.59,1.88,7.3,0.44,66
24.37,60.91,9.42,13.55,26.6,3.32,27.2,2.48,4.81,0.35,73
22.38,55.94,3.27,12.25,16.18,3.5,28.04,0.44,5.45,0.16,63
26.77,66.93,6.98,21.62,30.71,4.25,28.59,0.88,6.72,0.18,74
32.5,81.26,31.67,39.3,83.48,5.28,28.1,1.97,10.97,0.39,95
16.94,45.85,1.59,13.45,14.53,3.53,27.78,0.41,32.07,0.08,56
13.24,41.48,2.34,3.68,6.12,2.85,28.25,0.69,61.22,0.14,62
15.62,32.37,2.22,1.24,2.6,2.41,28.72,0.26,50.08,0.05,42
31.91,44.67,1.9,3.3,3.69,2.69,29.13,0.3,44.07,0.06,39
29.6,41.43,2.05,2.68,4.19,3.32,29.53,0.52,91.47,0.1,47
24.36,34.09,2.24,1.83,0.54,2.6,28.2,0.21,110.96,0.04,42
33.26,46.57,2.11,2.74,0.44,2.61,25.76,0.23,126.02,0.04,48
35.14,49.2,1.9,0.06,0.07,2.35,25.43,0.13,,0.03,48
47.74,66.84,1.54,21.77,0.94,3.58,25.47,0.6,,0.12,55
76.67,107.34,1.46,11.5,3.34,4.73,25.65,1.17,,0.23,139
71.21,101.37,1.82,10.75,2.24,5.17,26.3,1.54,,0.31,133
42.89,63.63,2.17,,0.24,3.22,28.01,1.7,6.82,0.34,117
18.36,36.72,1.94,,0,3.17,30.08,0.81,,0.16,42
14.76,29.53,2.29,0.92,0.27,2.56,30.63,0.69,9.31,0.14,32
26.01,52.03,1.92,4.47,0.01,3.52,37.38,0.98,16.84,0.2,33
19.47,38.93,2.09,4.89,0.6,2.84,45.66,0.79,23.13,0.16,41
18.16,36.31,1.74,,0,3.12,55.3,0.45,1.06,0.09,48
20.66,41.33,1.77,,0,3.51,57.98,0.56,0.65,0.11,48
16.89,33.78,1.86,,0,3.92,41.09,0.49,7.29,0.1,39
17.41,34.81,2.43,32.45,0.99,4.33,30.67,0.48,10.44,0.1,36
11.02,22.04,1.96,1.09,1.93,3.9,24.54,0.52,3.29,0.11,28
10.67,21.35,1.94,1.23,3.98,3.42,18.33,0.35,3.56,0.07,22
15.3,30.58,2.03,1.43,4.12,2.91,18.3,0.45,4.62,0.09,26
17.83,35.67,2.32,1.55,4.45,3.47,18.03,0.72,4.13,0.14,34
20.93,41.86,2.54,1.71,4.81,3.18,17.36,0.87,4.45,0.17,32
26.16,52.32,1.94,1.27,4.03,3.26,17.4,1.42,4.25,0.28,46
21.63,43.25,1.95,1.24,4.02,3.19,17.75,0.89,2.14,0.18,48
9.97,19.94,1.97,1.23,4.01,2.49,17.69,0.16,6.32,0.03,22
11.7,23.4,1.84,1.13,3.74,2.55,30.46,0.17,8.46,0.03,28
15.48,30.82,4.94,1.36,7.51,3.28,35.29,0.43,9.97,0.09,34
18.4,36.8,1.79,1.13,3.65,3.46,38.87,0.63,2.47,0.13,40
7.61,15.22,1.78,1.11,3.63,2.84,36.72,0.12,1.12,0.02,56
10.02,20.04,1.83,1.06,3.66,2.54,36.45,0.08,3.23,0.02,29
8.75,17.51,1.81,1.13,3.69,2.45,35.2,0.03,6.39,0.01,23
12.16,24.33,1.77,1.11,3.61,2.77,38.32,0.1,6.19,0.02,30
11.98,23.97,3.68,1.55,6.42,2.99,28.64,0.19,9.94,0.04,32
10.99,21.98,1.95,1.29,4.07,2.77,17.11,0.19,7.98,0.04,24
11.87,23.74,1.93,1.27,4.02,2.64,17.7,0.19,9.72,0.04,24
14.86,29.71,3.96,1.49,6.96,3.2,17.46,0.48,8.94,0.1,30
16.76,33.53,2.75,1.64,5.21,3.85,17.44,0.74,10.27,0.15,36
16.45,32.9,5,2.66,8.58,2.74,22.88,0.4,6.99,0.08,39
16.27,32.52,1.73,1.07,3.52,3.1,41.1,0.47,3.3,0.09,38
18.75,37.48,1.71,1.07,3.48,3.49,46.1,0.69,2.85,0.14,41
18.96,37.98,1.86,1.22,3.86,3.72,30.9,0.69,3.57,0.14,44
15.79,31.57,1.95,1.24,4,3.45,21,0.4,2.82,0.08,35
18.65,37.29,1.8,1.05,3.6,3.07,39.76,0.39,4.01,0.08,38
23.98,47.97,1.9,1.25,3.9,4.29,25.96,1.02,5.52,0.21,57
18.73,37.45,2.09,1.49,4.27,3.58,16.07,0.6,6.67,0.12,48
9.85,19.7,2.28,1.63,4.52,3.09,15.85,0.28,3.04,0.06,24
6.94,13.88,2.02,1.29,4.16,3.27,16.15,0.55,2.88,0.11,21
13.89,27.73,1.96,1.21,4.01,3.4,18.22,0.64,3.43,0.13,26
18.07,36.11,2.28,1.54,4.17,3.31,20.15,0.62,4.45,0.12,31
19.4,38.8,1.94,1.22,3.97,3.47,19.94,1.07,5,0.21,34
19.48,38.95,2.38,1.4,4.53,2.72,20.23,0.8,5.49,0.16,45
13.98,27.94,1.92,1.22,3.95,2.83,20.25,0.6,6.36,0.12,29
17.15,34.31,1.95,1.23,3.99,3.72,20.37,1.19,4.56,0.24,32
19.52,39.05,1.94,1.22,3.97,3.28,20.71,0.73,6.14,0.15,38
16.82,33.62,1.95,1.19,3.94,3.26,21.1,0.71,4.49,0.14,32
20.95,41.92,1.93,1.19,3.93,3.68,21.25,0.78,4.86,0.16,46
12.73,25.47,1.93,1.2,3.94,2.41,20.96,0.16,6.26,0.03,30
15.69,31.36,1.95,1.23,4,2.35,19.31,0.11,11.33,0.02,30
17.67,35.36,2.26,1.63,4.53,2.5,18.42,0.21,10.03,0.04,34
16.79,33.56,1.95,1.21,3.97,3.69,20.47,0.66,7.35,0.13,32
20.25,40.5,1.93,1.21,3.95,3.79,20.75,0.87,6.52,0.17,44
18.73,37.28,2.43,1.81,4.7,3.04,20.93,0.47,6.68,0.09,43
17.8,35.6,1.9,1.28,3.97,2.98,20.67,0.4,7.37,0.08,36
16.07,32.14,1.95,1.23,3.99,2.98,20.55,0.36,6.87,0.07,41
13.27,26.55,1.91,1.24,3.94,3.21,20.46,0.48,6.04,0.1,31
13.93,27.85,1.96,1.24,4.02,2.94,20.23,0.36,6.88,0.07,29
17.57,35.13,1.93,1.22,3.96,4.15,20.18,1.15,8.41,0.23,34
13.91,27.84,1.92,1.22,3.95,3.15,20.07,0.57,7.99,0.11,40
14.63,29.28,1.95,1.21,3.97,2.86,20.05,0.39,8.04,0.08,30
16.94,33.86,1.99,1.18,4.01,4.5,20.03,1.02,7.87,0.2,35
13.43,26.88,1.96,1.23,4.02,2.9,20.27,0.44,7.12,0.09,35
16.35,32.7,1.95,1.22,3.98,3.07,20.51,0.45,9.97,0.09,36
17.97,35.94,1.96,1.23,4,2.53,20.79,0.33,8.18,0.07,35
18.9,37.81,1.96,1.2,3.97,2.3,21.17,0.22,10.95,0.04,37
17.53,35.06,1.95,1.25,4.01,2.37,20.92,0.17,10.66,0.03,36
16.86,33.72,1.95,1.24,4,2.35,21.15,0.16,9.9,0.03,35
16.76,33.5,1.92,1.21,3.93,2.6,21.14,0.19,8.55,0.04,32
20.18,40.36,1.94,1.25,4,2.67,20.93,0.24,11.96,0.05,40
16.39,32.77,1.94,1.23,3.98,3.13,21.13,0.51,8.3,0.1,34
12.17,24.36,1.94,1.21,3.95,2.51,21.15,0.23,9.08,0.05,28
12.44,24.83,1.96,1.24,4.01,3.02,21,0.29,8.54,0.06,27
14.13,28.27,1.93,1.22,3.95,2.96,22.21,0.32,11.13,0.06,38
14.24,28.5,1.94,1.26,4,3.05,21.19,0.34,10.25,0.07,35
11.45,22.92,1.95,1.24,4,2.35,20.95,0.13,9.67,0.03,29
14.99,29.98,1.94,1.21,3.95,2.42,21.41,0.2,9.4,0.04,31
16.92,33.83,1.95,1.24,4.01,3.74,21.64,0.68,10.4,0.14,38
19.7,39.42,1.96,1.23,4.01,2.41,21.59,0.28,12.33,0.06,45
16.64,33.27,1.92,1.22,3.95,3.2,21.01,0.43,13.33,0.09,39
17.96,35.95,1.94,1.23,3.98,2.66,20.6,0.25,13.75,0.05,42
17.37,34.76,1.95,1.18,3.94,3.63,20.88,0.61,14.61,0.12,49
19.96,39.9,1.96,1.21,3.99,4.03,19.95,0.68,13.76,0.14,56
24.67,49.36,1.92,1.24,3.97,4.42,20.6,1.39,12.61,0.3,67
21.94,43.88,1.91,1.26,3.97,2.74,21.54,0.79,9.16,0.16,60
16.07,32.14,1.94,1.28,4.04,2.4,20.05,0.32,9.86,0.06,37
10.4,20.81,1.98,1.3,4.12,2.67,18.6,0.36,12.59,0.07,29
10.8,21.59,1.97,1.3,4.1,2.46,18.71,0.37,14.27,0.07,28
10.21,20.43,1.95,1.29,4.06,2.78,18.89,0.43,14.41,0.09,27
15.5,31.01,2,1.28,4.11,2.69,18.95,0.5,13.96,0.1,30
12.71,25.43,1.97,1.23,4.02,2.47,18.97,0.39,15.6,0.08,38
11.09,22.17,1.97,1.28,4.07,2.32,19.14,0.38,15,0.08,29
13.63,27.25,1.99,1.32,4.14,2.96,19.12,0.58,14.5,0.12,32
14.87,29.76,2.01,1.24,4.11,3.06,19.17,0.45,14.98,0.09,39
18.69,37.38,2,1.28,4.13,3.82,19.26,0.98,16.91,0.2,44
19.65,39.3,1.94,1.32,4.06,3,19.71,0.64,11.75,0.13,47
13.8,27.6,2.05,1.42,4.06,3.27,19.84,0.65,9.99,0.13,31
14.47,28.93,1.98,1.65,4.44,3.03,19.52,0.5,9.79,0.1,31
15.18,30.36,1.99,1.3,4.11,2.36,19.61,0.35,12.79,0.07,36
5.45,18.99,1.99,1.24,4.07,2.34,20.05,0.31,12.25,0.06,29
3.4,16.71,1.98,1.28,4.08,2.26,19.79,0.31,11.22,0.06,30
,,1.95,1.33,4.1,2.23,19.96,0.31,7.76,0.06,29
34.15,52.96,1.9,1.24,3.95,3.3,22.79,0.75,7.13,0.15,29
30.67,47.59,1.92,1.22,3.95,3,22.92,0.6,7.11,0.12,34
30.53,47.37,1.94,1.26,4.04,2.54,22.95,0.41,8.86,0.08,36
21.27,32.99,1.99,2.15,4.95,2.51,22.67,0.33,10.2,0.07,31
32.91,51.07,2.19,3.51,6.52,2.61,20.02,0.4,12.15,0.08,33
44.76,69.46,2.33,4.27,7.44,3.56,19.92,0.87,14.01,0.18,45
46.52,70.47,2.07,2.95,5.82,3.04,19.76,0.47,11.2,0.09,61
36.56,50.03,1.95,1.34,4.1,2.31,19.95,0.38,11.35,0.08,48
22.45,30.73,1.98,1.29,4.1,2.2,19.87,0.43,11.5,0.09,44
25.55,34.97,1.91,1.28,3.99,2.08,20.13,0.3,12.66,0.06,40
24.05,32.92,1.96,1.29,4.07,3.11,20.24,0.54,11.29,0.11,37
28.37,38.83,1.99,1.26,4.1,2.79,20.3,0.37,15.04,0.07,40
24.22,33.15,1.98,1.27,4.08,2.39,20.31,0.48,13.99,0.1,41
29.98,41.03,1.95,1.36,4.12,2.76,21.36,0.42,10.46,0.09,45
34.4,47.07,1.93,1.23,3.97,3.11,22.92,0.58,12.34,0.11,50
41.62,56.95,1.89,1.19,3.86,3.1,23.59,0.5,12.67,0.1,57
31.72,43.41,1.9,1.23,3.94,3.03,23.33,0.43,11.06,0.09,48
33.32,45.6,1.94,1.23,3.97,3.3,22.55,0.47,12.44,0.09,59
28.13,38.49,1.91,1.31,4.02,3.31,21.6,0.45,11.92,0.09,44
34.27,46.87,2,1.33,4.16,4.26,20.01,1.08,13.15,0.21,52
34.73,47.53,1.94,1.2,3.95,2.94,22.79,0.41,10.63,0.08,55
27.56,37.72,1.84,1.25,3.86,2.62,25.52,0.27,6.52,0.05,46
33.86,46.34,1.81,1.19,3.75,2.62,25.8,0.32,7.04,0.06,57
29.08,39.8,1.81,1.21,3.78,2.71,27.33,0.26,5.95,0.05,50
26.4,36.13,1.81,1.26,3.84,2.17,26.17,0.19,6.93,0.04,48
25.54,34.94,1.94,1.2,3.97,2.1,24.04,0.15,7.64,0.03,48
17.23,23.57,1.92,1.2,3.92,2.19,22.97,0.16,6.59,0.03,35
16.69,22.84,1.91,1.18,3.9,2.39,22.75,0.29,7.88,0.06,30
14.27,19.53,1.91,1.17,3.89,2.42,22.38,0.29,9.52,0.06,29
18.36,25.12,1.92,1.18,3.91,2.45,22.62,0.36,6.92,0.07,32
16.82,23.02,1.9,1.22,3.91,2.22,23.1,0.34,8.25,0.07,34
19.32,26.43,1.94,1.2,3.95,2.54,22.86,0.44,7.4,0.09,37
19.26,26.35,1.92,1.23,3.97,2.35,22.6,0.4,7.68,0.08,38
16.22,22.17,5.16,2.81,9.52,2.18,24.1,0.38,4.54,0.08,31
14.24,19.49,3.08,2.77,6.82,2.24,23.54,0.42,2.64,0.08,32
15.62,21.37,1.95,1.27,4.04,2.3,22.93,0.42,4.81,0.09,33
12.61,17.26,1.96,1.25,4.03,2.27,23.59,0.34,4.59,0.07,35
9,12.32,1.93,1.19,3.92,2.05,23.29,0.27,2.55,0.06,30
7.29,9.97,1.88,1.2,3.87,2.01,23.74,0.23,2.08,0.04,30
9.15,12.53,1.93,1.3,4.05,2.02,22.95,0.25,1.79,0.05,31
8.73,11.95,1.95,1.22,3.99,2.06,22.96,0.38,1.82,0.08,31
11.08,15.17,1.91,1.26,3.98,2.04,23.2,0.44,2.5,0.09,31
6.9,9.44,1.95,1.22,3.98,1.92,23.32,0.3,2.13,0.06,34
8.58,11.74,1.89,1.21,3.82,2.07,23.66,0.44,2.51,0.09,34
8.07,11.05,2.57,1.52,5.08,2.08,23.33,0.39,1.55,0.08,33
16.16,22.12,1.94,1.21,3.96,2.21,23.23,0.59,4.03,0.12,32
17.79,24.35,1.96,1.21,3.99,2.18,22.92,0.48,3.17,0.1,45
12.34,16.88,1.9,1.2,3.89,1.87,25.1,0.33,15.29,0.07,37
14.06,18.47,3.49,1.96,6.63,1.86,24.07,0.31,4.3,0.06,42
32.58,60.34,2.12,1.27,4.28,2.22,20.83,0.31,1.97,0.06,55
37.13,68.76,2.11,1.28,4.27,2.26,20.56,0.37,3.54,0.07,54
25.9,47.96,2.03,1.26,4.08,2.06,21.33,0.25,4.42,0.05,50
33.72,62.44,2.1,1.3,4.28,2.19,20.72,0.32,4.38,0.06,60
24.06,44.55,2.1,1.3,4.22,2.09,20.93,0.24,3.12,0.04,43
25.32,46.88,2.19,1.27,4.32,1.92,20.77,0.16,5.16,0.03,45
33.86,62.7,2.05,1.12,4.01,2.15,21.57,0.33,4.19,0.06,57
33.34,61.73,1.93,1.22,3.95,1.95,22.88,0.31,3.8,0.06,64
28.37,52.54,2.03,1.22,4.09,2.07,22.9,0.32,3.23,0.06,55
24.67,45.69,1.99,1.13,3.94,1.83,22.92,0.19,3.54,0.04,44
26.7,49.45,2.02,1.21,4.03,1.85,22.17,0.2,4.31,0.04,48
20.27,37.53,2.08,1.22,4.17,1.9,20.91,0.25,4.05,0.05,47
28.69,53.14,2.05,1.3,4.21,1.9,21.3,0.26,4,0.05,43
30.38,56.26,2.06,1.23,4.17,1.83,20.81,0.26,4.46,0.05,57
33,61.11,2.07,1.24,4.19,1.88,20.85,0.33,4.06,0.07,67
28.13,52.08,3.01,1.5,5.48,1.84,21.06,0.26,3.8,0.05,76
26.75,49.53,2.02,1.32,4.17,1.77,20.99,0.17,4.74,0.03,48
27.23,50.42,2.1,1.26,4.24,1.78,21.09,0.23,4.23,0.05,59
28.27,52.35,2.08,1.24,4.19,1.79,20.96,0.16,5.17,0.03,58
18.51,34.29,2.85,2.23,5.8,1.82,21.23,0.21,4.39,0.04,45
28.02,51.88,2.7,1.9,5.37,1.83,21.19,0.26,4.5,0.05,44
18.9,34.99,2.01,1.23,4.07,1.71,22.58,0.2,3.11,0.04,34
10.46,19.36,3.14,1.8,5.77,1.61,23.79,0.1,1.9,0.02,35
18.08,33.48,1.97,1.27,4.04,1.69,23.36,0.27,1.51,0.05,32
24.3,45,2,1.2,4.03,1.61,23.08,0.17,1.99,0.03,42
23.14,42.85,2.01,1.22,4.08,1.67,22.22,0.31,1.63,0.06,54
21.37,39.58,2.03,1.31,4.18,1.73,20.81,0.38,1.8,0.08,37
28.21,52.24,2.01,1.28,4.13,1.66,21.85,0.26,1.96,0.05,53
16.96,31.41,1.99,1.23,4.06,1.62,23.23,0.22,1.62,0.04,54
23.39,43.31,1.98,1.28,4.08,1.59,23.19,0.16,1.47,0.03,48
18.2,33.71,1.99,1.18,4,1.64,23.72,0.15,1.51,0.03,48
27.52,50.97,2,1.23,4.07,1.79,23.11,0.37,1.04,0.07,41
25.83,47.83,2,1.22,4.05,1.77,22.94,0.32,1.22,0.06,66
32.71,60.59,1.96,1.23,4.01,1.74,23.14,0.39,0.81,0.08,93
29.45,54.54,1.97,1.23,4.02,1.75,23.25,0.27,1.9,0.05,51
30.93,57.28,1.98,1.24,4.03,1.8,23.11,0.3,2.34,0.06,80
30.98,57.32,5.95,2.66,10.97,2.04,24.14,0.32,2.13,0.06,58
18.55,34.35,2.01,1.23,4.06,1.89,23.44,0.12,3.24,0.03,45
21.48,39.77,2.05,1.2,4.11,1.85,23.18,0.15,2.79,0.03,35
22.87,42.35,2.01,1.23,4.09,1.99,23.55,0.31,1.91,0.06,45
39.98,74.03,2.02,1.23,4.09,2.06,23.57,0.53,1.66,0.11,60
24.63,45.61,2.08,1.26,4.22,2.02,21.13,0.31,2.39,0.06,68
20.83,38.57,2.08,1.33,4.29,2.03,21.24,0.39,1.78,0.08,37
20.72,38.37,2.07,1.26,4.19,1.99,21.35,0.33,2.63,0.07,35
,,2.06,1.28,4.21,2.19,21.33,0.28,2.36,0.06,50
29.42,54.49,2.05,1.3,4.21,2.01,21.36,0.22,3.24,0.04,49
17.93,33.21,2.02,1.28,4.14,1.9,21.33,0.3,1.7,0.06,41
21.01,38.9,2.89,3.01,5.63,1.91,21.28,0.28,1.52,0.05,45
35.74,66.18,2.02,1.27,4.13,1.89,22.56,0.42,2.09,0.09,62
38.56,71.41,2.04,1.22,4.11,2.14,22.39,0.45,4.26,0.09,59
45.52,84.3,2.04,1.29,4.02,2.15,21.34,0.4,3.71,0.08,100
34.4,63.7,2.06,3.15,4.19,1.85,21.45,0.18,3.61,0.04,67
30.36,56.23,17.03,9.98,21.15,1.93,21.34,0.25,2.94,0.05,52
33.08,61.26,2.08,1.26,4.22,2.18,21.27,0.33,2.56,0.07,57
35.79,66.27,2.1,1.21,4.2,2.06,21.3,0.28,3.17,0.06,67
39.44,73.04,2.07,1.28,4.22,2.2,21.27,0.37,2.52,0.07,75
27.47,50.87,2.07,1.25,4.19,2.05,21.3,0.28,3.33,0.06,43
44.81,82.98,2.05,1.29,4.21,2.13,21.36,0.48,3.81,0.1,81
46.51,86.12,2.07,1.26,4.21,2.08,21.37,0.55,3.1,0.11,88
34.01,62.98,2.07,1.22,4.17,2.08,21.4,0.35,3.28,0.07,63
22.81,42.24,2,1.21,4.06,1.89,22.64,0.18,2.51,0.04,47
24.24,44.89,7.34,6.46,7.18,1.99,23.84,0.21,1.89,0.04,45
31.86,59,18.83,18.21,10.99,2.16,23.49,0.39,1.36,0.08,57
35.23,65.25,2.02,1.23,4.1,1.88,23.29,0.1,2.35,0.02,58
34.24,63.4,2.02,1.19,4.05,1.8,23.29,0.05,3.12,0.01,78
32.13,59.51,2.03,1.21,4.08,1.89,23.1,0.19,2.54,0.04,74
35.51,65.76,2.01,1.21,4.06,1.97,23.32,0.28,2.2,0.06,68
22.21,41.13,2,1.18,4.02,1.64,24.93,0.11,2.43,0.02,51
37.94,70.26,2.02,1.22,4.09,2.03,23.79,0.36,1.91,0.07,63
39.02,72.27,2.02,1.19,4.05,1.99,23.26,0.17,2.59,0.03,73
,,2.03,1.28,4.16,2.08,22.28,0.24,2.99,0.05,69
40.59,75.16,2.03,1.2,4.08,2.12,23.37,0.25,2.91,0.05,86
33.41,61.87,2.02,1.2,4.07,1.94,23.43,0.15,3.53,0.03,83
35.63,65.97,2.02,1.23,4.1,2.14,23.61,0.32,3.52,0.06,86
39.47,73.09,1.98,1.18,3.99,2.15,23.78,0.36,3.02,0.07,90
25.29,46.83,1.97,1.24,4.03,2.03,23.65,0.23,2.49,0.05,130
14.16,26.22,2.03,1.21,4.09,1.89,23.51,0.24,1.56,0.05,34
24.49,45.34,25.22,12.3,31.01,1.79,24.99,0.46,1.44,0.09,33
22.63,41.91,2,1.22,4.04,1.92,23.68,0.32,1.24,0.06,48
20.22,37.46,16.78,6.08,14.46,1.82,23.66,0.23,1.7,0.05,36
24.27,44.95,2.03,1.26,4.13,1.81,23.59,0.25,1.91,0.05,48
32.23,59.69,1.98,1.29,4.08,1.85,23.68,0.17,3.08,0.03,52
49.59,91.83,2,1.24,4.08,1.94,23.46,0.17,4.16,0.04,94
59.14,109.5,11.9,16.51,8.86,2.1,23.84,0.35,4.41,0.07,111
55.33,102.46,1.98,1.37,4.16,2.26,23.61,0.42,3.26,0.08,119
62.08,114.97,2.03,1.22,4.11,2.57,23.42,0.63,2.67,0.13,94
44.99,83.31,2.06,1.24,4.17,2.1,23.41,0.53,2.25,0.11,106
40.49,74.99,2.05,1.2,4.12,2.32,23.36,0.44,2.58,0.09,68
51.96,96.22,2.04,1.23,4.13,2.44,23.53,0.56,2.31,0.11,102
47.09,87.21,2.04,1.2,4.09,2.04,23.72,0.27,3.55,0.05,101
42.8,79.25,2.04,1.19,4.09,2,23.45,0.21,4.11,0.04,89
63.71,117.98,2.05,1.23,4.15,2.03,23.37,0.37,4.95,0.07,98
33.01,53.75,2.07,1.16,4.11,2.18,23.42,0.43,3.78,0.09,86
16.64,22.19,2.05,1.19,4.1,2.16,23.3,0.41,4.56,0.08,58
22.03,29.37,2.03,1.22,4.11,2.53,23.47,0.6,3.9,0.12,74
24.93,32.03,2.05,1.19,4.09,2.54,23.32,0.4,3.89,0.08,54
58.54,73.17,2.02,1.24,4.1,2.93,23.51,0.65,4.31,0.13,92
46.72,58.4,2.03,1.2,4.08,2.98,23.45,0.62,3.43,0.12,78
51.51,64.38,18.63,19.61,17.2,3.2,22.91,0.67,3.43,0.13,71
52.69,65.87,1.99,1.33,4.14,2.88,22.45,0.57,5.15,0.11,73
58.85,73.56,1.97,1.25,4.03,2.72,23.18,0.57,5.94,0.11,85
45.68,57.09,1.98,1.24,4.04,2.56,23.98,0.52,4.09,0.1,74
49.12,61.4,1.95,1.2,3.98,2.62,24.88,0.58,3.14,0.12,81
49.8,62.25,1.84,1.12,3.73,2.84,30.77,0.67,0.98,0.13,86
37.14,46.42,2.01,1.29,4.15,2.52,22.91,0.55,1.58,0.11,77
18.13,22.67,1.96,1.22,4.01,1.97,24.62,0.22,1.38,0.04,34
24.72,30.91,1.69,1.04,3.43,1.91,37.49,0.3,0.68,0.06,39
22.25,27.81,97.94,72.13,94.97,1.85,40.43,0.33,0.7,0.07,35
40.22,50.27,397.05,286.67,23.99,2.07,42.13,0.84,0.9,0.17,49
56.86,71.07,,,,2.71,45.2,1.82,1.12,0.24,86
46.58,58.23,6.23,4,12.1,2.6,35.37,0.91,2.46,0.14,67
71.21,89.02,2.02,1.37,4.22,2.51,21.89,0.62,2.62,0.12,80
70.31,87.89,2.05,1.26,4.19,2.24,21.95,0.33,4.07,0.07,124
76.22,95.28,2.05,1.27,4.19,2.74,21.87,0.98,4.32,0.2,108
75.74,94.68,2.03,1.28,4.18,2.9,21.81,1.14,3.67,0.23,133
66.07,81.58,2.01,1.27,3.83,2.78,23.06,0.89,1.88,0.18,117
51.47,61.75,1.97,1.31,2.23,2.88,23.08,0.48,1.85,0.1,79
49.52,59.42,1.89,1.17,3.85,2.54,27.01,0.48,2.93,0.1,76
44.21,53.03,1.83,1.17,3.75,2.82,30.02,0.48,1.99,0.1,70
36.05,43.25,1.92,1.24,3.96,2.57,25.34,0.53,2.03,0.11,60
40.19,48.23,1.68,1.15,3.44,2.86,36.12,0.54,1.25,0.11,54
46.86,56.23,1.69,1.2,3.44,3.37,37.84,0.76,1.55,0.15,64
54.36,65.23,1.83,1.22,3.79,3.05,28.9,1.15,2.68,0.23,86
57.17,68.61,2.03,1.33,4.24,3.13,21.4,1.17,2.75,0.23,89
55.9,67.08,1.93,1.2,3.93,2.48,25.73,1.37,2.93,0.27,78
49.68,59.62,1.8,1.13,3.66,3.53,30.92,0.73,2.17,0.15,85
59.92,71.9,2.04,1.32,4.23,2.89,21.4,0.63,2.82,0.13,106
43.84,52.62,2.07,1.26,4.23,2.74,21.43,0.43,3.6,0.09,80
50.02,60.02,2.03,1.31,4.2,2.59,21.37,0.44,3.79,0.09,82
66.56,79.88,2.02,1.29,4.17,3.03,21.36,1.01,2.61,0.2,108
68.4,82.08,2.07,1.28,4.21,2.92,21.33,1.41,2.37,0.28,114
76.11,91.33,2.02,1.3,4.18,2.81,21.43,0.89,3.61,0.18,124
66.52,79.82,1.93,1.23,3.97,3.15,24.41,0.86,3.56,0.17,118
74.87,89.84,1.74,1.13,3.59,4.31,30.17,0.99,2.43,0.2,114
95.27,114.33,1.9,1.23,3.93,4.07,25.42,1.73,2.27,0.35,135
79.14,94.96,2.06,1.31,4.23,3.05,21.24,1.56,2.9,0.31,132
37.99,50.03,2.05,1.32,4.24,3.05,21.35,0.79,3.91,0.16,82
33.46,44.62,2.03,1.34,4.23,2.81,21.32,0.64,3.79,0.13,66
42.61,56.82,2.05,1.28,4.2,2.64,21.36,0.98,2.92,0.19,84
42.08,56.11,2.07,1.27,4.19,2.99,21.47,1.49,2.39,0.3,67
50.97,67.96,2.02,1.26,4.13,2.55,21.31,2.04,2.55,0.41,80
46.03,61.38,2.03,1.29,4.17,3,21.27,1.68,2.58,0.34,78
59.48,79.31,2.02,1.33,4.19,2.95,21.36,1.53,2.72,0.31,77
52.06,80.97,2.03,1.23,4.13,3.11,21.97,2.12,3.77,0.51,76
53.11,82.06,2.05,1.28,4.19,2.97,21.43,2.22,3.08,0.44,95
29.41,51.66,2.02,1.29,4.16,2.65,21.42,0.03,4.35,0.01,64
22.92,41.58,2.03,1.32,4.21,2.62,21.36,0,3.42,0,42
25.45,47.04,2.03,1.28,4.16,2.77,21.85,0.14,5.34,0.03,46
28.02,56,2.05,1.35,4.25,2.57,21.32,1.56,2.95,0.31,44
42.63,73.21,2.02,1.31,4.19,2.79,21.31,1.82,2.02,0.36,69
39.02,64.47,2.02,1.33,4.19,3.24,21.4,0.77,3.25,0.16,46
36.88,58.23,2.04,1.32,4.17,2.72,21.23,0.45,3.52,0.09,56
28.42,46.84,2.06,1.26,4.16,2.76,20.61,0.25,3.28,0.05,45
32.31,54.78,2.04,1.28,4.17,3.2,21.2,0.4,3.58,0.08,46
38.5,63.83,2.06,1.27,4.18,3.12,21.32,0.4,4.47,0.08,57
28.21,,2.03,1.33,4.19,3.14,21.28,0.27,3.54,0.05,47
36.91,,1.99,1.35,4.15,3.42,21.28,0.56,3.27,0.11,56
54.6,96.87,2.06,1.44,4.24,3.58,21.74,1.53,3.61,0.31,71
63.57,106.2,2.02,1.37,4.21,3.27,21.47,2.33,2.73,0.47,91
76.49,124.04,2.01,1.36,4.2,2.53,21.56,2.72,2.25,0.74,113
70.36,111.85,2.03,1.33,4.2,2.47,21.6,2.76,1.48,0.73,143
37.82,56.74,2.03,1.26,4.14,2.91,21.65,1.67,1.98,0.33,72
34.19,51.29,2.02,1.31,4.16,2.77,21.62,1.29,1.92,0.26,70
30.94,46.41,2.04,1.32,4.17,2.88,21.63,0.86,2.38,0.17,59
28.18,42.27,2.03,1.29,4.16,2.96,21.61,0.74,1.67,0.15,56
26.6,41.55,2.02,1.31,4.17,3.05,22.04,0.48,2.61,0.1,53
32.17,53.62,2.06,1.34,4.23,2.64,21.57,0.69,1.48,0.14,46
42.64,71.08,2.01,1.31,4.13,2.18,21.89,2.04,1.48,0.41,58
40.03,66.71,2.02,1.31,4.14,1.96,21.68,1.83,1.43,0.36,77
29,48.33,2.01,1.29,4.12,2.51,21.64,0.01,1.12,0,46
23.57,39.28,2.03,1.29,4.14,1.9,21.67,0,1.38,0,50
14.25,23.74,2.05,1.22,4.1,1.96,21.64,0,1.6,0,30
13.07,21.78,2.03,1.27,4.13,2.02,21.73,0,1.52,0,30
